,InvoiceNo,StockCode,Description,Quantity,InvoiceDate,UnitPrice,CustomerID,Country
0,536365,85123A,WHITE HANGING HEART T-LIGHT HOLDER,6,2010-12-01 08:26:00,2.55,17850.0,United Kingdom
1,536365,71053,WHITE METAL LANTERN,6,2010-12-01 08:26:00,3.39,17850.0,United Kingdom
2,536365,84406B,CREAM CUPID HEARTS COAT HANGER,8,2010-12-01 08:26:00,2.75,17850.0,United Kingdom
3,536365,84029G,KNITTED UNION FLAG HOT WATER BOTTLE,6,2010-12-01 08:26:00,3.39,17850.0,United Kingdom
4,536365,84029E,RED WOOLLY HOTTIE WHITE HEART.,6,2010-12-01 08:26:00,3.39,17850.0,United Kingdom
5,536365,22752,SET 7 BABUSHKA NESTING BOXES,2,2010-12-01 08:26:00,7.65,17850.0,United Kingdom
6,536365,21730,GLASS STAR FROSTED T-LIGHT HOLDER,6,2010-12-01 08:26:00,4.25,17850.0,United Kingdom
7,536366,22633,HAND WARMER UNION JACK,6,2010-12-01 08:28:00,1.85,17850.0,United Kingdom
8,536366,22632,HAND WARMER RED POLKA DOT,6,2010-12-01 08:28:00,1.85,17850.0,United Kingdom
47,536372,22632,HAND WARMER RED POLKA DOT,6,2010-12-01 09:01:00,1.85,17850.0,United Kingdom
48,536372,22633,HAND WARMER UNION JACK,6,2010-12-01 09:01:00,1.85,17850.0,United Kingdom
49,536373,85123A,WHITE HANGING HEART T-LIGHT HOLDER,6,2010-12-01 09:02:00,2.55,17850.0,United Kingdom
50,536373,71053,WHITE METAL LANTERN,6,2010-12-01 09:02:00,3.39,17850.0,United Kingdom
51,536373,84406B,CREAM CUPID HEARTS COAT HANGER,8,2010-12-01 09:02:00,2.75,17850.0,United Kingdom
52,536373,20679,EDWARDIAN PARASOL RED,6,2010-12-01 09:02:00,4.95,17850.0,United Kingdom
53,536373,37370,RETRO COFFEE MUGS ASSORTED,6,2010-12-01 09:02:00,1.06,17850.0,United Kingdom
54,536373,21871,SAVE THE PLANET MUG,6,2010-12-01 09:02:00,1.06,17850.0,United Kingdom
55,536373,21071,VINTAGE BILLBOARD DRINK ME MUG,6,2010-12-01 09:02:00,1.06,17850.0,United Kingdom
56,536373,21068,VINTAGE BILLBOARD LOVE/HATE MUG,6,2010-12-01 09:02:00,1.06,17850.0,United Kingdom
57,536373,82483,WOOD 2 DRAWER CABINET WHITE FINISH,2,2010-12-01 09:02:00,4.95,17850.0,United Kingdom
58,536373,82486,WOOD S/3 CABINET ANT WHITE FINISH,4,2010-12-01 09:02:00,6.95,17850.0,United Kingdom
59,536373,82482,WOODEN PICTURE FRAME WHITE FINISH,6,2010-12-01 09:02:00,2.1,17850.0,United Kingdom
60,536373,82494L,WOODEN FRAME ANTIQUE WHITE ,6,2010-12-01 09:02:00,2.55,17850.0,United Kingdom
61,536373,84029G,KNITTED UNION FLAG HOT WATER BOTTLE,6,2010-12-01 09:02:00,3.39,17850.0,United Kingdom
62,536373,84029E,RED WOOLLY HOTTIE WHITE HEART.,6,2010-12-01 09:02:00,3.39,17850.0,United Kingdom
63,536373,22752,SET 7 BABUSHKA NESTING BOXES,2,2010-12-01 09:02:00,7.65,17850.0,United Kingdom
64,536373,21730,GLASS STAR FROSTED T-LIGHT HOLDER,6,2010-12-01 09:02:00,4.25,17850.0,United Kingdom
66,536375,85123A,WHITE HANGING HEART T-LIGHT HOLDER,6,2010-12-01 09:32:00,2.55,17850.0,United Kingdom
67,536375,71053,WHITE METAL LANTERN,6,2010-12-01 09:32:00,3.39,17850.0,United Kingdom
68,536375,84406B,CREAM CUPID HEARTS COAT HANGER,8,2010-12-01 09:32:00,2.75,17850.0,United Kingdom
69,536375,20679,EDWARDIAN PARASOL RED,6,2010-12-01 09:32:00,4.95,17850.0,United Kingdom
70,536375,37370,RETRO COFFEE MUGS ASSORTED,6,2010-12-01 09:32:00,1.06,17850.0,United Kingdom
71,536375,21871,SAVE THE PLANET MUG,6,2010-12-01 09:32:00,1.06,17850.0,United Kingdom
72,536375,21071,VINTAGE BILLBOARD DRINK ME MUG,6,2010-12-01 09:32:00,1.06,17850.0,United Kingdom
73,536375,21068,VINTAGE BILLBOARD LOVE/HATE MUG,6,2010-12-01 09:32:00,1.06,17850.0,United Kingdom
74,536375,82483,WOOD 2 DRAWER CABINET WHITE FINISH,2,2010-12-01 09:32:00,4.95,17850.0,United Kingdom
75,536375,82486,WOOD S/3 CABINET ANT WHITE FINISH,4,2010-12-01 09:32:00,6.95,17850.0,United Kingdom
76,536375,82482,WOODEN PICTURE FRAME WHITE FINISH,6,2010-12-01 09:32:00,2.1,17850.0,United Kingdom
77,536375,82494L,WOODEN FRAME ANTIQUE WHITE ,6,2010-12-01 09:32:00,2.55,17850.0,United Kingdom
78,536375,84029G,KNITTED UNION FLAG HOT WATER BOTTLE,6,2010-12-01 09:32:00,3.39,17850.0,United Kingdom
79,536375,84029E,RED WOOLLY HOTTIE WHITE HEART.,6,2010-12-01 09:32:00,3.39,17850.0,United Kingdom
80,536375,22752,SET 7 BABUSHKA NESTING BOXES,2,2010-12-01 09:32:00,7.65,17850.0,United Kingdom
81,536375,21730,GLASS STAR FROSTED T-LIGHT HOLDER,6,2010-12-01 09:32:00,4.25,17850.0,United Kingdom
84,536377,22632,HAND WARMER RED POLKA DOT,6,2010-12-01 09:34:00,1.85,17850.0,United Kingdom
85,536377,22633,HAND WARMER UNION JACK,6,2010-12-01 09:34:00,1.85,17850.0,United Kingdom
278,536396,85123A,WHITE HANGING HEART T-LIGHT HOLDER,6,2010-12-01 10:51:00,2.55,17850.0,United Kingdom
279,536396,71053,WHITE METAL LANTERN,6,2010-12-01 10:51:00,3.39,17850.0,United Kingdom
280,536396,84406B,CREAM CUPID HEARTS COAT HANGER,8,2010-12-01 10:51:00,2.75,17850.0,United Kingdom
281,536396,15056BL,EDWARDIAN PARASOL BLACK,6,2010-12-01 10:51:00,4.95,17850.0,United Kingdom
282,536396,20679,EDWARDIAN PARASOL RED,6,2010-12-01 10:51:00,4.95,17850.0,United Kingdom
283,536396,37370,RETRO COFFEE MUGS ASSORTED,6,2010-12-01 10:51:00,1.06,17850.0,United Kingdom
284,536396,21871,SAVE THE PLANET MUG,6,2010-12-01 10:51:00,1.06,17850.0,United Kingdom
285,536396,21071,VINTAGE BILLBOARD DRINK ME MUG,6,2010-12-01 10:51:00,1.06,17850.0,United Kingdom
286,536396,21068,VINTAGE BILLBOARD LOVE/HATE MUG,6,2010-12-01 10:51:00,1.06,17850.0,United Kingdom
287,536396,82483,WOOD 2 DRAWER CABINET WHITE FINISH,2,2010-12-01 10:51:00,4.95,17850.0,United Kingdom
288,536396,82486,WOOD S/3 CABINET ANT WHITE FINISH,4,2010-12-01 10:51:00,6.95,17850.0,United Kingdom
289,536396,82482,WOODEN PICTURE FRAME WHITE FINISH,6,2010-12-01 10:51:00,2.1,17850.0,United Kingdom
290,536396,82494L,WOODEN FRAME ANTIQUE WHITE ,12,2010-12-01 10:51:00,2.55,17850.0,United Kingdom
291,536396,84029G,KNITTED UNION FLAG HOT WATER BOTTLE,6,2010-12-01 10:51:00,3.39,17850.0,United Kingdom
292,536396,84029E,RED WOOLLY HOTTIE WHITE HEART.,6,2010-12-01 10:51:00,3.39,17850.0,United Kingdom
293,536396,22752,SET 7 BABUSHKA NESTING BOXES,2,2010-12-01 10:51:00,7.65,17850.0,United Kingdom
294,536396,22803,IVORY EMBROIDERED QUILT ,2,2010-12-01 10:51:00,35.75,17850.0,United Kingdom
295,536396,21730,GLASS STAR FROSTED T-LIGHT HOLDER,6,2010-12-01 10:51:00,4.25,17850.0,United Kingdom
315,536399,22632,HAND WARMER RED POLKA DOT,6,2010-12-01 10:52:00,1.85,17850.0,United Kingdom
316,536399,22633,HAND WARMER UNION JACK,6,2010-12-01 10:52:00,1.85,17850.0,United Kingdom
416,536406,85123A,WHITE HANGING HEART T-LIGHT HOLDER,8,2010-12-01 11:33:00,2.55,17850.0,United Kingdom
417,536406,71053,WHITE METAL LANTERN,8,2010-12-01 11:33:00,3.39,17850.0,United Kingdom
418,536406,84406B,CREAM CUPID HEARTS COAT HANGER,8,2010-12-01 11:33:00,2.75,17850.0,United Kingdom
419,536406,20679,EDWARDIAN PARASOL RED,6,2010-12-01 11:33:00,4.95,17850.0,United Kingdom
420,536406,37370,RETRO COFFEE MUGS ASSORTED,6,2010-12-01 11:33:00,1.06,17850.0,United Kingdom
421,536406,21871,SAVE THE PLANET MUG,6,2010-12-01 11:33:00,1.06,17850.0,United Kingdom
422,536406,21071,VINTAGE BILLBOARD DRINK ME MUG,6,2010-12-01 11:33:00,1.06,17850.0,United Kingdom
423,536406,21068,VINTAGE BILLBOARD LOVE/HATE MUG,6,2010-12-01 11:33:00,1.06,17850.0,United Kingdom
424,536406,82483,WOOD 2 DRAWER CABINET WHITE FINISH,4,2010-12-01 11:33:00,4.95,17850.0,United Kingdom
425,536406,82486,WOOD S/3 CABINET ANT WHITE FINISH,4,2010-12-01 11:33:00,6.95,17850.0,United Kingdom
426,536406,82482,WOODEN PICTURE FRAME WHITE FINISH,6,2010-12-01 11:33:00,2.1,17850.0,United Kingdom
427,536406,82494L,WOODEN FRAME ANTIQUE WHITE ,6,2010-12-01 11:33:00,2.55,17850.0,United Kingdom
428,536406,84029G,KNITTED UNION FLAG HOT WATER BOTTLE,6,2010-12-01 11:33:00,3.39,17850.0,United Kingdom
429,536406,84029E,RED WOOLLY HOTTIE WHITE HEART.,6,2010-12-01 11:33:00,3.39,17850.0,United Kingdom
430,536406,22752,SET 7 BABUSHKA NESTING BOXES,2,2010-12-01 11:33:00,7.65,17850.0,United Kingdom
431,536406,22803,IVORY EMBROIDERED QUILT ,2,2010-12-01 11:33:00,35.75,17850.0,United Kingdom
432,536406,21730,GLASS STAR FROSTED T-LIGHT HOLDER,6,2010-12-01 11:33:00,4.25,17850.0,United Kingdom
433,536407,22632,HAND WARMER RED POLKA DOT,6,2010-12-01 11:34:00,1.85,17850.0,United Kingdom
434,536407,22633,HAND WARMER UNION JACK,6,2010-12-01 11:34:00,1.85,17850.0,United Kingdom
3118,536600,85123A,WHITE HANGING HEART T-LIGHT HOLDER,6,2010-12-02 08:32:00,2.55,17850.0,United Kingdom
3119,536600,71053,WHITE METAL LANTERN,6,2010-12-02 08:32:00,3.39,17850.0,United Kingdom
3120,536600,82483,WOOD 2 DRAWER CABINET WHITE FINISH,4,2010-12-02 08:32:00,4.95,17850.0,United Kingdom
3121,536600,82486,WOOD S/3 CABINET ANT WHITE FINISH,2,2010-12-02 08:32:00,6.95,17850.0,United Kingdom
3122,536600,82482,WOODEN PICTURE FRAME WHITE FINISH,6,2010-12-02 08:32:00,2.1,17850.0,United Kingdom
3123,536600,82494L,WOODEN FRAME ANTIQUE WHITE ,6,2010-12-02 08:32:00,2.55,17850.0,United Kingdom
3124,536600,22411,JUMBO SHOPPER VINTAGE RED PAISLEY,6,2010-12-02 08:32:00,1.65,17850.0,United Kingdom
3125,536600,84029G,KNITTED UNION FLAG HOT WATER BOTTLE,6,2010-12-02 08:32:00,3.39,17850.0,United Kingdom
3126,536600,84029E,RED WOOLLY HOTTIE WHITE HEART.,6,2010-12-02 08:32:00,3.39,17850.0,United Kingdom
3127,536600,22752,SET 7 BABUSHKA NESTING BOXES,2,2010-12-02 08:32:00,7.65,17850.0,United Kingdom
3128,536600,22803,IVORY EMBROIDERED QUILT ,2,2010-12-02 08:32:00,35.75,17850.0,United Kingdom
3129,536600,21730,GLASS STAR FROSTED T-LIGHT HOLDER,4,2010-12-02 08:32:00,4.25,17850.0,United Kingdom
3130,536601,22632,HAND WARMER RED POLKA DOT,6,2010-12-02 08:33:00,1.85,17850.0,United Kingdom
3131,536601,22633,HAND WARMER UNION JACK,6,2010-12-02 08:33:00,1.85,17850.0,United Kingdom
3132,536602,37370,RETRO COFFEE MUGS ASSORTED,6,2010-12-02 08:34:00,1.06,17850.0,United Kingdom
3133,536602,21871,SAVE THE PLANET MUG,6,2010-12-02 08:34:00,1.06,17850.0,United Kingdom
3134,536602,21071,VINTAGE BILLBOARD DRINK ME MUG,6,2010-12-02 08:34:00,1.06,17850.0,United Kingdom
3135,536602,21068,VINTAGE BILLBOARD LOVE/HATE MUG,6,2010-12-02 08:34:00,1.06,17850.0,United Kingdom
3136,536602,82483,WOOD 2 DRAWER CABINET WHITE FINISH,4,2010-12-02 08:34:00,4.95,17850.0,United Kingdom
3137,536602,22411,JUMBO SHOPPER VINTAGE RED PAISLEY,6,2010-12-02 08:34:00,1.65,17850.0,United Kingdom
3138,536602,84029G,KNITTED UNION FLAG HOT WATER BOTTLE,6,2010-12-02 08:34:00,3.39,17850.0,United Kingdom
3139,536602,84029E,RED WOOLLY HOTTIE WHITE HEART.,6,2010-12-02 08:34:00,3.39,17850.0,United Kingdom
3140,536602,21730,GLASS STAR FROSTED T-LIGHT HOLDER,4,2010-12-02 08:34:00,4.25,17850.0,United Kingdom
3141,536602,22752,SET 7 BABUSHKA NESTING BOXES,2,2010-12-02 08:34:00,7.65,17850.0,United Kingdom
3142,536602,85123A,WHITE HANGING HEART T-LIGHT HOLDER,6,2010-12-02 08:34:00,2.55,17850.0,United Kingdom
3143,536602,71053,WHITE METAL LANTERN,6,2010-12-02 08:34:00,3.39,17850.0,United Kingdom
3144,536603,22632,HAND WARMER RED POLKA DOT,6,2010-12-02 08:40:00,1.85,17850.0,United Kingdom
3145,536603,22633,HAND WARMER UNION JACK,6,2010-12-02 08:40:00,1.85,17850.0,United Kingdom
3192,536609,85123A,WHITE HANGING HEART T-LIGHT HOLDER,6,2010-12-02 09:41:00,2.55,17850.0,United Kingdom
3193,536609,71053,WHITE METAL LANTERN,6,2010-12-02 09:41:00,3.39,17850.0,United Kingdom
3194,536609,84406B,CREAM CUPID HEARTS COAT HANGER,6,2010-12-02 09:41:00,2.75,17850.0,United Kingdom
3195,536609,37370,RETRO COFFEE MUGS ASSORTED,6,2010-12-02 09:41:00,1.06,17850.0,United Kingdom
3196,536609,21871,SAVE THE PLANET MUG,6,2010-12-02 09:41:00,1.06,17850.0,United Kingdom
3197,536609,21071,VINTAGE BILLBOARD DRINK ME MUG,6,2010-12-02 09:41:00,1.06,17850.0,United Kingdom
3198,536609,21068,VINTAGE BILLBOARD LOVE/HATE MUG,6,2010-12-02 09:41:00,1.06,17850.0,United Kingdom
3199,536609,82483,WOOD 2 DRAWER CABINET WHITE FINISH,4,2010-12-02 09:41:00,4.95,17850.0,United Kingdom
3200,536609,82486,WOOD S/3 CABINET ANT WHITE FINISH,4,2010-12-02 09:41:00,6.95,17850.0,United Kingdom
3201,536609,82482,WOODEN PICTURE FRAME WHITE FINISH,6,2010-12-02 09:41:00,2.1,17850.0,United Kingdom
3202,536609,82494L,WOODEN FRAME ANTIQUE WHITE ,6,2010-12-02 09:41:00,2.55,17850.0,United Kingdom
3203,536609,22411,JUMBO SHOPPER VINTAGE RED PAISLEY,6,2010-12-02 09:41:00,1.65,17850.0,United Kingdom
3204,536609,84029G,KNITTED UNION FLAG HOT WATER BOTTLE,6,2010-12-02 09:41:00,3.39,17850.0,United Kingdom
3205,536609,84029E,RED WOOLLY HOTTIE WHITE HEART.,6,2010-12-02 09:41:00,3.39,17850.0,United Kingdom
3206,536609,22752,SET 7 BABUSHKA NESTING BOXES,2,2010-12-02 09:41:00,7.65,17850.0,United Kingdom
3207,536609,21730,GLASS STAR FROSTED T-LIGHT HOLDER,6,2010-12-02 09:41:00,4.25,17850.0,United Kingdom
3208,536610,22632,HAND WARMER RED POLKA DOT,6,2010-12-02 09:42:00,1.85,17850.0,United Kingdom
3209,536610,22633,HAND WARMER UNION JACK,6,2010-12-02 09:42:00,1.85,17850.0,United Kingdom
3224,536612,85123A,WHITE HANGING HEART T-LIGHT HOLDER,6,2010-12-02 09:44:00,2.55,17850.0,United Kingdom
3225,536612,71053,WHITE METAL LANTERN,6,2010-12-02 09:44:00,3.39,17850.0,United Kingdom
3226,536612,84406B,CREAM CUPID HEARTS COAT HANGER,6,2010-12-02 09:44:00,2.75,17850.0,United Kingdom
3227,536612,37370,RETRO COFFEE MUGS ASSORTED,6,2010-12-02 09:44:00,1.06,17850.0,United Kingdom
3228,536612,21871,SAVE THE PLANET MUG,6,2010-12-02 09:44:00,1.06,17850.0,United Kingdom
3229,536612,21071,VINTAGE BILLBOARD DRINK ME MUG,6,2010-12-02 09:44:00,1.06,17850.0,United Kingdom
3230,536612,21068,VINTAGE BILLBOARD LOVE/HATE MUG,6,2010-12-02 09:44:00,1.06,17850.0,United Kingdom
3231,536612,82483,WOOD 2 DRAWER CABINET WHITE FINISH,4,2010-12-02 09:44:00,4.95,17850.0,United Kingdom
3232,536612,82486,WOOD S/3 CABINET ANT WHITE FINISH,2,2010-12-02 09:44:00,6.95,17850.0,United Kingdom
3233,536612,82482,WOODEN PICTURE FRAME WHITE FINISH,6,2010-12-02 09:44:00,2.1,17850.0,United Kingdom
3234,536612,82494L,WOODEN FRAME ANTIQUE WHITE ,6,2010-12-02 09:44:00,2.55,17850.0,United Kingdom
3235,536612,22411,JUMBO SHOPPER VINTAGE RED PAISLEY,6,2010-12-02 09:44:00,1.65,17850.0,United Kingdom
3236,536612,84029G,KNITTED UNION FLAG HOT WATER BOTTLE,6,2010-12-02 09:44:00,3.39,17850.0,United Kingdom
3237,536612,84029E,RED WOOLLY HOTTIE WHITE HEART.,6,2010-12-02 09:44:00,3.39,17850.0,United Kingdom
3238,536612,21730,GLASS STAR FROSTED T-LIGHT HOLDER,4,2010-12-02 09:44:00,4.25,17850.0,United Kingdom
3256,536614,22632,HAND WARMER RED POLKA DOT,6,2010-12-02 09:44:00,1.85,17850.0,United Kingdom
3257,536614,22633,HAND WARMER UNION JACK,6,2010-12-02 09:44:00,1.85,17850.0,United Kingdom
3425,536628,85123A,WHITE HANGING HEART T-LIGHT HOLDER,6,2010-12-02 10:54:00,2.55,17850.0,United Kingdom
3426,536628,71053,WHITE METAL LANTERN,6,2010-12-02 10:54:00,3.39,17850.0,United Kingdom
3427,536628,84406B,CREAM CUPID HEARTS COAT HANGER,6,2010-12-02 10:54:00,2.75,17850.0,United Kingdom
3428,536628,37370,RETRO COFFEE MUGS ASSORTED,6,2010-12-02 10:54:00,1.06,17850.0,United Kingdom
3429,536628,21871,SAVE THE PLANET MUG,6,2010-12-02 10:54:00,1.06,17850.0,United Kingdom
3430,536628,21071,VINTAGE BILLBOARD DRINK ME MUG,6,2010-12-02 10:54:00,1.06,17850.0,United Kingdom
3431,536628,21068,VINTAGE BILLBOARD LOVE/HATE MUG,6,2010-12-02 10:54:00,1.06,17850.0,United Kingdom
3432,536628,82483,WOOD 2 DRAWER CABINET WHITE FINISH,4,2010-12-02 10:54:00,4.95,17850.0,United Kingdom
3433,536628,82486,WOOD S/3 CABINET ANT WHITE FINISH,2,2010-12-02 10:54:00,6.95,17850.0,United Kingdom
3434,536628,82482,WOODEN PICTURE FRAME WHITE FINISH,6,2010-12-02 10:54:00,2.1,17850.0,United Kingdom
3435,536628,82494L,WOODEN FRAME ANTIQUE WHITE ,6,2010-12-02 10:54:00,2.55,17850.0,United Kingdom
3436,536628,22411,JUMBO SHOPPER VINTAGE RED PAISLEY,6,2010-12-02 10:54:00,1.65,17850.0,United Kingdom
3437,536628,84029G,KNITTED UNION FLAG HOT WATER BOTTLE,6,2010-12-02 10:54:00,3.39,17850.0,United Kingdom
3438,536628,84029E,RED WOOLLY HOTTIE WHITE HEART.,6,2010-12-02 10:54:00,3.39,17850.0,United Kingdom
3439,536628,22752,SET 7 BABUSHKA NESTING BOXES,2,2010-12-02 10:54:00,7.65,17850.0,United Kingdom
3440,536628,21730,GLASS STAR FROSTED T-LIGHT HOLDER,6,2010-12-02 10:54:00,4.25,17850.0,United Kingdom
3441,536629,22632,HAND WARMER RED POLKA DOT,6,2010-12-02 10:55:00,1.85,17850.0,United Kingdom
3442,536629,22633,HAND WARMER UNION JACK,6,2010-12-02 10:55:00,1.85,17850.0,United Kingdom
3443,536630,85123A,WHITE HANGING HEART T-LIGHT HOLDER,6,2010-12-02 10:56:00,2.55,17850.0,United Kingdom
3444,536630,71053,WHITE METAL LANTERN,6,2010-12-02 10:56:00,3.39,17850.0,United Kingdom
3445,536630,84406B,CREAM CUPID HEARTS COAT HANGER,6,2010-12-02 10:56:00,2.75,17850.0,United Kingdom
3446,536630,37370,RETRO COFFEE MUGS ASSORTED,6,2010-12-02 10:56:00,1.06,17850.0,United Kingdom
3447,536630,21871,SAVE THE PLANET MUG,6,2010-12-02 10:56:00,1.06,17850.0,United Kingdom
3448,536630,21071,VINTAGE BILLBOARD DRINK ME MUG,6,2010-12-02 10:56:00,1.06,17850.0,United Kingdom
3449,536630,21068,VINTAGE BILLBOARD LOVE/HATE MUG,6,2010-12-02 10:56:00,1.06,17850.0,United Kingdom
3450,536630,82483,WOOD 2 DRAWER CABINET WHITE FINISH,4,2010-12-02 10:56:00,4.95,17850.0,United Kingdom
3451,536630,82486,WOOD S/3 CABINET ANT WHITE FINISH,4,2010-12-02 10:56:00,6.95,17850.0,United Kingdom
3452,536630,82482,WOODEN PICTURE FRAME WHITE FINISH,6,2010-12-02 10:56:00,2.1,17850.0,United Kingdom
3453,536630,82494L,WOODEN FRAME ANTIQUE WHITE ,6,2010-12-02 10:56:00,2.55,17850.0,United Kingdom
3454,536630,22411,JUMBO SHOPPER VINTAGE RED PAISLEY,6,2010-12-02 10:56:00,1.65,17850.0,United Kingdom
3455,536630,84029G,KNITTED UNION FLAG HOT WATER BOTTLE,6,2010-12-02 10:56:00,3.39,17850.0,United Kingdom
3456,536630,84029E,RED WOOLLY HOTTIE WHITE HEART.,6,2010-12-02 10:56:00,3.39,17850.0,United Kingdom
3457,536630,22752,SET 7 BABUSHKA NESTING BOXES,2,2010-12-02 10:56:00,7.65,17850.0,United Kingdom
3458,536630,21730,GLASS STAR FROSTED T-LIGHT HOLDER,6,2010-12-02 10:56:00,4.25,17850.0,United Kingdom
3459,536631,22632,HAND WARMER RED POLKA DOT,6,2010-12-02 10:58:00,1.85,17850.0,United Kingdom
3460,536631,22633,HAND WARMER UNION JACK,6,2010-12-02 10:58:00,1.85,17850.0,United Kingdom
3804,536685,84029E,RED WOOLLY HOTTIE WHITE HEART.,8,2010-12-02 12:23:00,3.39,17850.0,United Kingdom
3805,536685,22752,SET 7 BABUSHKA NESTING BOXES,4,2010-12-02 12:23:00,7.65,17850.0,United Kingdom
3806,536685,22803,IVORY EMBROIDERED QUILT ,2,2010-12-02 12:23:00,35.75,17850.0,United Kingdom
3807,536685,21730,GLASS STAR FROSTED T-LIGHT HOLDER,6,2010-12-02 12:23:00,4.25,17850.0,United Kingdom
3808,536685,85123A,WHITE HANGING HEART T-LIGHT HOLDER,12,2010-12-02 12:23:00,2.55,17850.0,United Kingdom
3809,536685,71053,WHITE METAL LANTERN,12,2010-12-02 12:23:00,3.39,17850.0,United Kingdom
3810,536685,84406B,CREAM CUPID HEARTS COAT HANGER,6,2010-12-02 12:23:00,2.75,17850.0,United Kingdom
3811,536685,37370,RETRO COFFEE MUGS ASSORTED,6,2010-12-02 12:23:00,1.06,17850.0,United Kingdom
3812,536685,21871,SAVE THE PLANET MUG,6,2010-12-02 12:23:00,1.06,17850.0,United Kingdom
3813,536685,21071,VINTAGE BILLBOARD DRINK ME MUG,6,2010-12-02 12:23:00,1.06,17850.0,United Kingdom
3814,536685,21068,VINTAGE BILLBOARD LOVE/HATE MUG,6,2010-12-02 12:23:00,1.06,17850.0,United Kingdom
3815,536685,82483,WOOD 2 DRAWER CABINET WHITE FINISH,4,2010-12-02 12:23:00,4.95,17850.0,United Kingdom
3816,536685,82486,WOOD S/3 CABINET ANT WHITE FINISH,4,2010-12-02 12:23:00,6.95,17850.0,United Kingdom
3817,536685,82482,WOODEN PICTURE FRAME WHITE FINISH,6,2010-12-02 12:23:00,2.1,17850.0,United Kingdom
3818,536685,82494L,WOODEN FRAME ANTIQUE WHITE ,6,2010-12-02 12:23:00,2.55,17850.0,United Kingdom
3819,536685,22411,JUMBO SHOPPER VINTAGE RED PAISLEY,6,2010-12-02 12:23:00,1.65,17850.0,United Kingdom
3820,536685,84029G,KNITTED UNION FLAG HOT WATER BOTTLE,8,2010-12-02 12:23:00,3.39,17850.0,United Kingdom
3821,536688,22632,HAND WARMER RED POLKA DOT,6,2010-12-02 12:24:00,1.85,17850.0,United Kingdom
3822,536688,22633,HAND WARMER UNION JACK,6,2010-12-02 12:24:00,1.85,17850.0,United Kingdom
3823,536690,85123A,WHITE HANGING HEART T-LIGHT HOLDER,6,2010-12-02 12:25:00,2.55,17850.0,United Kingdom
3824,536690,71053,WHITE METAL LANTERN,6,2010-12-02 12:25:00,3.39,17850.0,United Kingdom
3825,536690,84406B,CREAM CUPID HEARTS COAT HANGER,6,2010-12-02 12:25:00,2.75,17850.0,United Kingdom
3826,536690,37370,RETRO COFFEE MUGS ASSORTED,6,2010-12-02 12:25:00,1.06,17850.0,United Kingdom
3827,536690,21871,SAVE THE PLANET MUG,6,2010-12-02 12:25:00,1.06,17850.0,United Kingdom
3828,536690,21071,VINTAGE BILLBOARD DRINK ME MUG,6,2010-12-02 12:25:00,1.06,17850.0,United Kingdom
3829,536690,21068,VINTAGE BILLBOARD LOVE/HATE MUG,6,2010-12-02 12:25:00,1.06,17850.0,United Kingdom
3830,536690,82483,WOOD 2 DRAWER CABINET WHITE FINISH,4,2010-12-02 12:25:00,4.95,17850.0,United Kingdom
3831,536690,82486,WOOD S/3 CABINET ANT WHITE FINISH,4,2010-12-02 12:25:00,6.95,17850.0,United Kingdom
3832,536690,82482,WOODEN PICTURE FRAME WHITE FINISH,6,2010-12-02 12:25:00,2.1,17850.0,United Kingdom
3833,536690,82494L,WOODEN FRAME ANTIQUE WHITE ,6,2010-12-02 12:25:00,2.55,17850.0,United Kingdom
3834,536690,22411,JUMBO SHOPPER VINTAGE RED PAISLEY,6,2010-12-02 12:25:00,1.65,17850.0,United Kingdom
3835,536690,84029G,KNITTED UNION FLAG HOT WATER BOTTLE,6,2010-12-02 12:25:00,3.39,17850.0,United Kingdom
3836,536690,84029E,RED WOOLLY HOTTIE WHITE HEART.,6,2010-12-02 12:25:00,3.39,17850.0,United Kingdom
3837,536690,22752,SET 7 BABUSHKA NESTING BOXES,4,2010-12-02 12:25:00,7.65,17850.0,United Kingdom
3838,536690,22803,IVORY EMBROIDERED QUILT ,2,2010-12-02 12:25:00,35.75,17850.0,United Kingdom
3839,536690,21730,GLASS STAR FROSTED T-LIGHT HOLDER,6,2010-12-02 12:25:00,4.25,17850.0,United Kingdom
3840,536693,22632,HAND WARMER RED POLKA DOT,6,2010-12-02 12:26:00,1.85,17850.0,United Kingdom
3841,536693,22633,HAND WARMER UNION JACK,6,2010-12-02 12:26:00,1.85,17850.0,United Kingdom
4161,536750,85123A,WHITE HANGING HEART T-LIGHT HOLDER,12,2010-12-02 14:04:00,2.55,17850.0,United Kingdom
4162,536750,71053,WHITE METAL LANTERN,12,2010-12-02 14:04:00,3.39,17850.0,United Kingdom
4163,536750,84406B,CREAM CUPID HEARTS COAT HANGER,6,2010-12-02 14:04:00,2.75,17850.0,United Kingdom
4164,536750,15056BL,EDWARDIAN PARASOL BLACK,6,2010-12-02 14:04:00,4.95,17850.0,United Kingdom
4165,536750,20679,EDWARDIAN PARASOL RED,6,2010-12-02 14:04:00,4.95,17850.0,United Kingdom
4166,536750,37370,RETRO COFFEE MUGS ASSORTED,6,2010-12-02 14:04:00,1.06,17850.0,United Kingdom
4167,536750,21871,SAVE THE PLANET MUG,6,2010-12-02 14:04:00,1.06,17850.0,United Kingdom
4168,536750,21071,VINTAGE BILLBOARD DRINK ME MUG,6,2010-12-02 14:04:00,1.06,17850.0,United Kingdom
4169,536750,21068,VINTAGE BILLBOARD LOVE/HATE MUG,6,2010-12-02 14:04:00,1.06,17850.0,United Kingdom
4170,536750,82483,WOOD 2 DRAWER CABINET WHITE FINISH,4,2010-12-02 14:04:00,4.95,17850.0,United Kingdom
4171,536750,82486,WOOD S/3 CABINET ANT WHITE FINISH,4,2010-12-02 14:04:00,6.95,17850.0,United Kingdom
4172,536750,82482,WOODEN PICTURE FRAME WHITE FINISH,6,2010-12-02 14:04:00,2.1,17850.0,United Kingdom
4173,536750,82494L,WOODEN FRAME ANTIQUE WHITE ,6,2010-12-02 14:04:00,2.55,17850.0,United Kingdom
4174,536750,22411,JUMBO SHOPPER VINTAGE RED PAISLEY,6,2010-12-02 14:04:00,1.65,17850.0,United Kingdom
4175,536750,84029G,KNITTED UNION FLAG HOT WATER BOTTLE,6,2010-12-02 14:04:00,3.39,17850.0,United Kingdom
4176,536750,84029E,RED WOOLLY HOTTIE WHITE HEART.,6,2010-12-02 14:04:00,3.39,17850.0,United Kingdom
4177,536750,22752,SET 7 BABUSHKA NESTING BOXES,4,2010-12-02 14:04:00,7.65,17850.0,United Kingdom
4178,536750,22803,IVORY EMBROIDERED QUILT ,2,2010-12-02 14:04:00,35.75,17850.0,United Kingdom
4179,536750,21730,GLASS STAR FROSTED T-LIGHT HOLDER,8,2010-12-02 14:04:00,4.25,17850.0,United Kingdom
4180,536751,22632,HAND WARMER RED POLKA DOT,6,2010-12-02 14:05:00,1.85,17850.0,United Kingdom
4181,536751,22633,HAND WARMER UNION JACK,6,2010-12-02 14:05:00,1.85,17850.0,United Kingdom
4182,536752,85123A,WHITE HANGING HEART T-LIGHT HOLDER,6,2010-12-02 14:06:00,2.55,17850.0,United Kingdom
4183,536752,71053,WHITE METAL LANTERN,6,2010-12-02 14:06:00,3.39,17850.0,United Kingdom
4184,536752,84406B,CREAM CUPID HEARTS COAT HANGER,6,2010-12-02 14:06:00,2.75,17850.0,United Kingdom
4185,536752,15056BL,EDWARDIAN PARASOL BLACK,6,2010-12-02 14:06:00,4.95,17850.0,United Kingdom
4186,536752,20679,EDWARDIAN PARASOL RED,6,2010-12-02 14:06:00,4.95,17850.0,United Kingdom
4187,536752,37370,RETRO COFFEE MUGS ASSORTED,6,2010-12-02 14:06:00,1.06,17850.0,United Kingdom
4188,536752,21871,SAVE THE PLANET MUG,6,2010-12-02 14:06:00,1.06,17850.0,United Kingdom
4189,536752,21071,VINTAGE BILLBOARD DRINK ME MUG,6,2010-12-02 14:06:00,1.06,17850.0,United Kingdom
4190,536752,21068,VINTAGE BILLBOARD LOVE/HATE MUG,6,2010-12-02 14:06:00,1.06,17850.0,United Kingdom
4191,536752,82483,WOOD 2 DRAWER CABINET WHITE FINISH,4,2010-12-02 14:06:00,4.95,17850.0,United Kingdom
4192,536752,82486,WOOD S/3 CABINET ANT WHITE FINISH,4,2010-12-02 14:06:00,6.95,17850.0,United Kingdom
4193,536752,82482,WOODEN PICTURE FRAME WHITE FINISH,6,2010-12-02 14:06:00,2.1,17850.0,United Kingdom
4194,536752,82494L,WOODEN FRAME ANTIQUE WHITE ,6,2010-12-02 14:06:00,2.55,17850.0,United Kingdom
4195,536752,22411,JUMBO SHOPPER VINTAGE RED PAISLEY,6,2010-12-02 14:06:00,1.65,17850.0,United Kingdom
4196,536752,84029G,KNITTED UNION FLAG HOT WATER BOTTLE,6,2010-12-02 14:06:00,3.39,17850.0,United Kingdom
4197,536752,84029E,RED WOOLLY HOTTIE WHITE HEART.,6,2010-12-02 14:06:00,3.39,17850.0,United Kingdom
4198,536752,22752,SET 7 BABUSHKA NESTING BOXES,4,2010-12-02 14:06:00,7.65,17850.0,United Kingdom
4199,536752,22803,IVORY EMBROIDERED QUILT ,2,2010-12-02 14:06:00,35.75,17850.0,United Kingdom
4200,536752,21730,GLASS STAR FROSTED T-LIGHT HOLDER,6,2010-12-02 14:06:00,4.25,17850.0,United Kingdom
4201,536753,22632,HAND WARMER RED POLKA DOT,6,2010-12-02 14:07:00,1.85,17850.0,United Kingdom
4202,536753,22633,HAND WARMER UNION JACK,6,2010-12-02 14:07:00,1.85,17850.0,United Kingdom
4510,536787,85123A,WHITE HANGING HEART T-LIGHT HOLDER,6,2010-12-02 15:24:00,2.55,17850.0,United Kingdom
4511,536787,71053,WHITE METAL LANTERN,6,2010-12-02 15:24:00,3.39,17850.0,United Kingdom
4512,536787,84406B,CREAM CUPID HEARTS COAT HANGER,8,2010-12-02 15:24:00,2.75,17850.0,United Kingdom
4513,536787,37370,RETRO COFFEE MUGS ASSORTED,6,2010-12-02 15:24:00,1.06,17850.0,United Kingdom
4514,536787,21871,SAVE THE PLANET MUG,6,2010-12-02 15:24:00,1.06,17850.0,United Kingdom
4515,536787,21071,VINTAGE BILLBOARD DRINK ME MUG,6,2010-12-02 15:24:00,1.06,17850.0,United Kingdom
4516,536787,21068,VINTAGE BILLBOARD LOVE/HATE MUG,6,2010-12-02 15:24:00,1.06,17850.0,United Kingdom
4517,536787,82482,WOODEN PICTURE FRAME WHITE FINISH,6,2010-12-02 15:24:00,2.1,17850.0,United Kingdom
4518,536787,82494L,WOODEN FRAME ANTIQUE WHITE ,6,2010-12-02 15:24:00,2.55,17850.0,United Kingdom
4519,536787,84029G,KNITTED UNION FLAG HOT WATER BOTTLE,6,2010-12-02 15:24:00,3.39,17850.0,United Kingdom
4520,536787,84029E,RED WOOLLY HOTTIE WHITE HEART.,6,2010-12-02 15:24:00,3.39,17850.0,United Kingdom
4521,536787,22752,SET 7 BABUSHKA NESTING BOXES,2,2010-12-02 15:24:00,7.65,17850.0,United Kingdom
4522,536787,21730,GLASS STAR FROSTED T-LIGHT HOLDER,6,2010-12-02 15:24:00,4.25,17850.0,United Kingdom
4524,536789,22633,HAND WARMER UNION JACK,6,2010-12-02 15:25:00,1.85,17850.0,United Kingdom
4525,536789,22632,HAND WARMER RED POLKA DOT,6,2010-12-02 15:25:00,1.85,17850.0,United Kingdom
4526,536790,85123A,WHITE HANGING HEART T-LIGHT HOLDER,12,2010-12-02 15:26:00,2.95,17850.0,United Kingdom
4527,536790,71053,WHITE METAL LANTERN,12,2010-12-02 15:26:00,3.39,17850.0,United Kingdom
4528,536790,84406B,CREAM CUPID HEARTS COAT HANGER,12,2010-12-02 15:26:00,2.75,17850.0,United Kingdom
4529,536790,15056BL,EDWARDIAN PARASOL BLACK,6,2010-12-02 15:26:00,4.95,17850.0,United Kingdom
4530,536790,20679,EDWARDIAN PARASOL RED,6,2010-12-02 15:26:00,4.95,17850.0,United Kingdom
4531,536790,37370,RETRO COFFEE MUGS ASSORTED,12,2010-12-02 15:26:00,1.06,17850.0,United Kingdom
4532,536790,21071,VINTAGE BILLBOARD DRINK ME MUG,12,2010-12-02 15:26:00,1.06,17850.0,United Kingdom
4533,536790,21068,VINTAGE BILLBOARD LOVE/HATE MUG,12,2010-12-02 15:26:00,1.06,17850.0,United Kingdom
4534,536790,82483,WOOD 2 DRAWER CABINET WHITE FINISH,4,2010-12-02 15:26:00,4.95,17850.0,United Kingdom
4535,536790,82486,WOOD S/3 CABINET ANT WHITE FINISH,4,2010-12-02 15:26:00,6.95,17850.0,United Kingdom
4536,536790,82482,WOODEN PICTURE FRAME WHITE FINISH,6,2010-12-02 15:26:00,2.1,17850.0,United Kingdom
4537,536790,82494L,WOODEN FRAME ANTIQUE WHITE ,6,2010-12-02 15:26:00,2.55,17850.0,United Kingdom
4538,536790,84029G,KNITTED UNION FLAG HOT WATER BOTTLE,12,2010-12-02 15:26:00,3.39,17850.0,United Kingdom
4539,536790,84029E,RED WOOLLY HOTTIE WHITE HEART.,6,2010-12-02 15:26:00,3.39,17850.0,United Kingdom
4540,536790,22752,SET 7 BABUSHKA NESTING BOXES,4,2010-12-02 15:26:00,7.65,17850.0,United Kingdom
4541,536790,22803,IVORY EMBROIDERED QUILT ,3,2010-12-02 15:26:00,35.75,17850.0,United Kingdom
4542,536790,21730,GLASS STAR FROSTED T-LIGHT HOLDER,12,2010-12-02 15:26:00,4.25,17850.0,United Kingdom
4543,536791,22632,HAND WARMER RED POLKA DOT,12,2010-12-02 15:27:00,1.85,17850.0,United Kingdom
4544,536791,22633,HAND WARMER UNION JACK,12,2010-12-02 15:27:00,1.85,17850.0,United Kingdom
86888,C543611,82483,WOOD 2 DRAWER CABINET WHITE FINISH,-1,2011-02-10 14:38:00,4.95,17850.0,United Kingdom
86889,C543611,22632,HAND WARMER RED RETROSPOT,-6,2011-02-10 14:38:00,1.85,17850.0,United Kingdom
86890,C543611,82483,WOOD 2 DRAWER CABINET WHITE FINISH,-1,2011-02-10 14:38:00,4.95,17850.0,United Kingdom
86891,C543611,21871,SAVE THE PLANET MUG,-1,2011-02-10 14:38:00,1.06,17850.0,United Kingdom
86892,C543611,82494L,WOODEN FRAME ANTIQUE WHITE ,-2,2011-02-10 14:38:00,2.55,17850.0,United Kingdom
86893,C543611,21730,GLASS STAR FROSTED T-LIGHT HOLDER,-1,2011-02-10 14:38:00,4.25,17850.0,United Kingdom
86894,C543611,21730,GLASS STAR FROSTED T-LIGHT HOLDER,-1,2011-02-10 14:38:00,4.95,17850.0,United Kingdom
86895,C543611,82494L,WOODEN FRAME ANTIQUE WHITE ,-12,2011-02-10 14:38:00,2.55,17850.0,United Kingdom
86896,C543611,21071,VINTAGE BILLBOARD DRINK ME MUG,-6,2011-02-10 14:38:00,1.06,17850.0,United Kingdom
86897,C543611,82483,WOOD 2 DRAWER CABINET WHITE FINISH,-2,2011-02-10 14:38:00,4.95,17850.0,United Kingdom
86898,C543611,82483,WOOD 2 DRAWER CABINET WHITE FINISH,-1,2011-02-10 14:38:00,4.95,17850.0,United Kingdom
86899,C543611,21874,GIN AND TONIC MUG,-1,2011-02-10 14:38:00,1.06,17850.0,United Kingdom
86900,C543611,71477,COLOUR GLASS. STAR T-LIGHT HOLDER,-2,2011-02-10 14:38:00,2.75,17850.0,United Kingdom
86901,C543611,82483,WOOD 2 DRAWER CABINET WHITE FINISH,-1,2011-02-10 14:38:00,4.95,17850.0,United Kingdom
86902,C543611,21169,YOU'RE CONFUSING ME METAL SIGN ,-2,2011-02-10 14:38:00,1.45,17850.0,United Kingdom
